,crim,zn,indus,chas,nox,rm,age,dis,rad,tax,ptratio,b,lstat,medv
0,0.00632,18,2.31,0,0.5379999999999999,6.575,65.2,4.09,1,296,15.3,396.9,4.98,27.76378610282556
1,0.02731,0,7.07,0,0.469,6.421,78.9,4.9671,2,242,17.8,396.9,9.14,23.163349886091424
2,0.02729,0,7.07,0,0.469,7.185,61.1,4.9671,2,242,17.8,392.83,4.03,35.46348527171213
3,0.032369999999999996,0,2.18,0,0.45799999999999996,6.997999999999999,45.8,6.0622,3,222,18.7,394.63,2.94,34.28992969282316
4,0.06905,0,2.18,0,0.45799999999999996,7.147,54.2,6.0622,3,222,18.7,396.9,5.33,33.19781184746875
