feature,score
rad,0.6246148677345973
tax,0.5819414787790523
lstat,0.4540383336667888
nox,0.4193149945955535
indus,0.4047111064279481
b,-0.3837568467387087
dis,-0.37788690640192624
age,0.35213600619571117
ptratio,0.2894726141753651
rm,-0.21681960156037297
zn,-0.2027276787157133
chas,-0.05734032017704478
