feature,score
nox,0.8248571590753543
dis,-0.7432046402405248
indus,0.7315192212678941
tax,0.7254078618802289
rad,0.7208352996835546
age,0.7066314140483702
lstat,0.6285692815888263
zn,-0.5847731556923602
ptratio,0.46372430187007896
b,-0.3548262673897279
rm,-0.2976099918530812
chas,0.037092124872377945
